Survived,Pclass,Sex,SibSp,Parch,Fare,Embarked_C,Embarked_Q,Embarked_S,AgeGroup_Child,AgeGroup_Teen,AgeGroup_Adult,AgeGroup_Middle-Aged,AgeGroup_Senior,Title_Master,Title_Miss,Title_Mr,Title_Mrs,Title_Rare
0,3,1,1,0,0.014151057562208049,False,False,True,False,False,True,False,False,False,False,True,False,False
1,1,0,1,0,0.13913573538264068,True,False,False,False,False,True,False,False,False,False,False,True,False
1,3,0,0,0,0.015468569817999833,False,False,True,False,False,True,False,False,False,True,False,False,False
1,1,0,1,0,0.10364429745562033,False,False,True,False,False,True,False,False,False,False,False,True,False
0,3,1,0,0,0.015712553569072387,False,False,True,False,False,True,False,False,False,False,True,False,False
0,3,1,0,0,0.01650950209357577,False,True,False,False,False,True,False,False,False,False,True,False,False
0,1,1,0,0,0.10122885832000206,False,False,True,False,False,False,True,False,False,False,True,False,False
0,3,1,3,1,0.04113566043083236,False,False,True,True,False,False,False,False,True,False,False,False,False
1,3,0,0,2,0.021730754366528396,False,False,True,False,False,True,False,False,False,False,False,True,False
1,2,0,1,0,0.058694292654020104,True,False,False,False,True,False,False,False,False,False,False,True,False
1,3,0,1,1,0.03259622914329302,False,False,True,True,False,False,False,False,False,True,False,False,False
1,1,0,0,0,0.051822148727810165,False,False,True,False,False,False,True,False,False,True,False,False,False
0,3,1,0,0,0.015712553569072387,False,False,True,False,True,False,False,False,False,False,True,False,False
0,3,1,1,5,0.06104473451835265,False,False,True,False,False,True,False,False,False,False,True,False,False
0,3,0,0,0,0.015330377421392339,False,False,True,False,True,False,False,False,False,True,False,False,False
1,2,0,0,0,0.03122992013728673,False,False,True,False,False,False,True,False,False,False,False,True,False
0,3,1,4,1,0.05684821399990475,False,True,False,True,False,False,False,False,True,False,False,False,False
1,2,1,0,0,0.025374310111545468,False,False,True,False,False,True,False,False,False,False,True,False,False
0,3,0,1,0,0.03513366015444757,False,False,True,False,False,True,False,False,False,False,False,True,False
1,3,0,0,0,0.014102260811993537,True,False,False,False,False,True,False,False,False,False,False,True,False
0,2,1,0,0,0.050748620223090936,False,False,True,False,False,True,False,False,False,False,True,False,False
1,2,1,0,0,0.025374310111545468,False,False,True,False,False,True,False,False,False,False,True,False,False
1,3,0,0,0,0.015671954672893913,False,True,False,False,True,False,False,False,False,True,False,False,False
1,1,1,0,0,0.06929138530460494,False,False,True,False,False,True,False,False,False,False,True,False,False
0,3,0,3,1,0.04113566043083236,False,False,True,True,False,False,False,False,False,True,False,False,False
1,3,0,1,5,0.06126431989431795,False,False,True,False,False,True,False,False,False,False,False,True,False
0,3,1,0,0,0.014102260811993537,True,False,False,False,False,True,False,False,False,False,True,False,False
0,1,1,3,2,0.5133418122566507,False,False,True,False,True,False,False,False,False,False,True,False,False
1,3,0,0,0,0.01537917417160685,False,True,False,False,False,True,False,False,False,True,False,False,False
0,3,1,0,0,0.015411575213749286,False,False,True,False,False,True,False,False,False,False,True,False,False
0,1,1,0,0,0.05410739813385612,True,False,False,False,False,True,False,False,False,False,False,False,True
1,1,0,1,0,0.2859895551532101,True,False,False,False,False,True,False,False,False,False,False,True,False
1,3,0,0,0,0.015126992566498259,False,True,False,False,False,True,False,False,False,True,False,False,False
0,2,1,0,0,0.020494635090094415,False,False,True,False,False,False,False,True,False,False,True,False,False
0,1,1,1,0,0.16038672010106003,True,False,False,False,False,True,False,False,False,False,True,False,False
0,1,1,1,0,0.10149724044618187,False,False,True,False,False,False,True,False,False,False,True,False,False
1,3,1,0,0,0.014110458666029575,True,False,False,False,False,True,False,False,False,False,True,False,False
0,3,1,0,0,0.015712553569072387,False,False,True,False,False,True,False,False,False,False,True,False,False
0,3,0,2,0,0.03513366015444757,False,False,True,False,True,False,False,False,False,True,False,False,False
1,3,0,1,0,0.021942337075458514,True,False,False,False,True,False,False,False,False,True,False,False,False
0,3,0,1,0,0.018493968331299484,False,False,True,False,False,True,False,False,False,False,False,True,False
0,2,0,1,0,0.04098927018018883,False,False,True,False,False,True,False,False,False,False,False,True,False
0,3,1,0,0,0.015411575213749286,True,False,False,False,False,True,False,False,False,False,True,False,False
1,2,0,1,2,0.08115719346076702,True,False,False,True,False,False,False,False,False,True,False,False,False
1,3,0,0,0,0.01537917417160685,False,True,False,False,True,False,False,False,False,True,False,False,False
0,3,1,0,0,0.015712553569072387,False,False,True,False,False,True,False,False,False,False,True,False,False
0,3,1,1,0,0.030253985132996517,False,True,False,False,False,True,False,False,False,False,True,False,False
1,3,0,0,0,0.015126992566498259,False,True,False,False,False,True,False,False,False,True,False,False,False
0,3,1,2,0,0.04231498029001666,True,False,False,False,False,True,False,False,False,False,True,False,False
0,3,0,1,0,0.034743286152731485,False,False,True,False,True,False,False,False,False,False,False,True,False
0,3,1,4,1,0.07746484096553544,False,False,True,True,False,False,False,False,True,False,False,False,False
0,3,1,0,0,0.01522458606692728,False,False,True,False,False,True,False,False,False,False,True,False,False
1,1,0,1,0,0.1497654242623688,True,False,False,False,False,False,True,False,False,False,False,True,False
1,2,0,1,0,0.050748620223090936,False,False,True,False,False,True,False,False,False,False,False,True,False
0,1,1,0,1,0.1209753416358076,True,False,False,False,False,False,False,True,False,False,True,False,False
1,1,1,0,0,0.06929138530460494,False,False,True,False,False,True,False,False,False,False,True,False,False
1,2,0,0,0,0.020494635090094415,False,False,True,False,False,True,False,False,False,True,False,False,False
0,3,1,0,0,0.014110458666029575,True,False,False,False,False,True,False,False,False,False,True,False,False
1,2,0,1,2,0.05416439273810667,False,False,True,True,False,False,False,False,False,True,False,False,False
0,3,1,5,2,0.09154270340242172,False,False,True,True,False,False,False,False,True,False,False,False,False
0,3,1,0,0,0.014110458666029575,True,False,False,False,False,True,False,False,False,False,True,False,False
1,1,0,0,0,0.15614960068643363,False,False,True,False,False,True,False,False,False,True,False,False,False
0,1,1,1,0,0.16293234896625058,False,False,True,False,False,False,True,False,False,False,True,False,False
0,3,1,3,2,0.05445717323939373,False,False,True,True,False,False,False,False,True,False,False,False,False
0,1,1,0,0,0.05410739813385612,True,False,False,False,False,True,False,False,False,False,True,False,False
1,3,1,1,1,0.029757819776815374,True,False,False,False,False,True,False,False,True,False,False,False,False
1,2,0,0,0,0.020494635090094415,False,False,True,False,False,True,False,False,False,False,False,True,False
0,3,1,0,0,0.015923941091001644,False,False,True,False,True,False,False,False,False,False,True,False,False
1,3,0,4,2,0.015468569817999833,False,False,True,False,True,False,False,False,False,True,False,False,False
0,3,1,2,0,0.016908073949327893,False,False,True,False,False,True,False,False,False,False,True,False,False
0,2,1,0,0,0.020494635090094415,False,False,True,False,False,True,False,False,False,False,True,False,False
0,3,0,5,2,0.09154270340242172,False,False,True,False,True,False,False,False,False,True,False,False,False
0,2,1,0,0,0.1434624456306609,False,False,True,False,False,True,False,False,False,False,True,False,False
0,3,1,1,0,0.028212719478023115,True,False,False,False,False,True,False,False,False,False,True,False,False
1,3,1,0,0,0.11027245763075773,False,False,True,False,False,True,False,False,False,False,True,False,False
0,3,1,0,0,0.014931805565640218,False,False,True,False,False,True,False,False,False,False,True,False,False
0,3,1,0,0,0.015411575213749286,False,False,True,False,False,True,False,False,False,False,True,False,False
0,3,1,0,0,0.015712553569072387,False,False,True,False,False,True,False,False,False,False,True,False,False
1,2,1,0,2,0.056604230248832196,False,False,True,True,False,False,False,False,True,False,False,False,False
1,3,0,0,0,0.024349578357040744,False,False,True,False,False,True,False,False,False,True,False,False,False
0,3,1,0,0,0.017566830077223785,False,False,True,False,False,True,False,False,False,False,True,False,False
1,3,1,0,0,0.018542765081513996,False,False,True,False,False,True,False,False,False,False,True,False,False
1,3,0,0,0,0.015200187691820024,False,True,False,False,False,True,False,False,False,True,False,False,False
0,1,1,0,0,0.09193307740413781,False,False,True,False,False,True,False,False,False,False,True,False,False
1,2,0,0,0,0.020494635090094415,False,False,True,False,True,False,False,False,False,True,False,False,False
1,3,0,3,0,0.030937139635999665,False,False,True,False,False,True,False,False,False,False,False,True,False
0,3,1,1,3,0.06709553154495196,False,False,True,False,True,False,False,False,False,False,True,False,False
0,3,1,0,0,0.015712553569072387,False,False,True,False,False,True,False,False,False,False,True,False,False
1,1,0,3,2,0.5133418122566507,False,False,True,False,False,True,False,False,False,True,False,False,False
0,3,1,0,0,0.015712553569072387,False,False,True,False,False,True,False,False,False,False,True,False,False
0,3,1,0,0,0.015712553569072387,False,False,True,False,False,True,False,False,False,False,True,False,False
0,3,1,0,0,0.015330377421392339,False,False,True,False,True,False,False,False,False,False,True,False,False
0,1,1,1,0,0.11940564777490723,False,False,True,False,False,False,True,False,False,False,True,False,False
0,3,1,1,2,0.04015972542654215,False,False,True,False,False,True,False,False,False,False,True,False,False
0,3,1,0,0,0.014151057562208049,False,False,True,False,False,False,True,False,False,False,True,False,False
0,3,1,0,0,0.015712553569072387,False,False,True,False,False,True,False,False,False,False,True,False,False
0,1,1,0,0,0.06764049365134761,True,False,False,False,False,False,False,True,False,False,True,False,False
1,1,1,0,1,0.12366716556464086,True,False,False,False,False,True,False,False,False,False,True,False,False
1,2,0,0,1,0.044893010197349675,False,False,True,False,False,True,False,False,False,False,False,True,False
0,2,1,1,0,0.050748620223090936,False,False,True,False,False,True,False,False,False,False,True,False,False
0,3,0,0,0,0.015411575213749286,False,False,True,False,False,True,False,False,False,True,False,False,False
0,3,1,0,0,0.015411575213749286,False,False,True,False,False,True,False,False,False,False,True,False,False
0,1,1,0,1,0.15085515328815924,False,False,True,False,False,True,False,False,False,False,True,False,False
0,3,1,0,0,0.016891873428256675,False,False,True,False,False,True,False,False,False,False,True,False,False
0,3,1,2,0,0.015468569817999833,False,False,True,False,False,True,False,False,False,False,True,False,False
0,3,1,0,0,0.015411575213749286,False,False,True,False,False,True,False,False,False,False,True,False,False
1,3,0,0,0,0.014931805565640218,False,False,True,False,False,True,False,False,False,True,False,False,False
1,3,1,0,0,0.015175789316712771,False,False,True,False,False,True,False,False,False,False,True,False,False
0,3,1,0,0,0.015411575213749286,False,False,True,False,False,True,False,False,False,False,True,False,False
1,3,0,1,0,0.04713766070721715,False,True,False,False,False,True,False,False,False,True,False,False,False
0,1,1,0,0,0.10149724044618187,False,False,True,False,False,False,True,False,False,False,True,False,False
0,3,0,1,0,0.028212719478023115,True,False,False,False,True,False,False,False,False,True,False,False,False
0,3,1,0,0,0.015712553569072387,False,False,True,False,False,True,False,False,False,False,True,False,False
0,3,0,1,0,0.019177122834302632,False,False,True,False,True,False,False,False,False,True,False,False,False
0,3,0,0,0,0.028220722145058292,True,False,False,False,True,False,False,False,False,True,False,False,False
0,3,1,0,0,0.015468569817999833,False,False,True,False,False,True,False,False,False,False,True,False,False
0,3,1,0,0,0.015126992566498259,False,True,False,False,False,False,False,True,False,False,True,False,False
0,2,1,1,0,0.04098927018018883,False,False,True,False,False,True,False,False,False,False,True,False,False
0,1,1,0,1,0.4831284260198326,True,False,False,False,False,True,False,False,False,False,True,False,False
0,3,0,4,2,0.06104473451835265,False,False,True,True,False,False,False,False,False,True,False,False,False
0,2,1,2,0,0.1434624456306609,False,False,True,False,False,True,False,False,False,False,True,False,False
0,3,1,0,0,0.015712553569072387,False,False,True,False,False,True,False,False,False,False,True,False,False
0,2,1,1,0,0.058694292654020104,True,False,False,False,False,True,False,False,False,False,True,False,False
1,2,0,0,0,0.025374310111545468,False,False,True,False,False,True,False,False,False,True,False,False,False
0,1,1,0,1,0.15085515328815924,False,False,True,False,False,False,True,False,False,False,True,False,False
1,3,1,1,0,0.021942337075458514,True,False,False,True,False,False,False,False,True,False,False,False,False
0,3,1,0,0,0.015126992566498259,False,True,False,False,False,True,False,False,False,False,True,False,False
1,3,1,0,0,0.01393967004027879,False,False,True,False,False,True,False,False,False,False,True,False,False
1,3,0,1,1,0.04364049521284362,True,False,False,False,False,True,False,False,False,True,False,False,False
0,3,1,0,0,0.013614293309848433,False,False,True,False,False,False,True,False,False,False,True,False,False
0,3,1,0,0,0.015411575213749286,True,False,False,False,False,True,False,False,False,False,True,False,False
0,3,1,0,0,0.013760683560491965,False,False,True,False,True,False,False,False,False,False,True,False,False
0,3,0,1,0,0.028302115124416098,False,False,True,False,False,False,True,False,False,False,False,True,False
1,2,0,1,0,0.050748620223090936,False,False,True,False,False,True,False,False,False,False,False,True,False
0,2,1,0,0,0.025374310111545468,False,False,True,False,False,True,False,False,False,False,True,False,False
0,2,1,0,0,0.02936744577509929,True,False,False,False,False,True,False,False,False,False,True,False,False
1,1,0,0,2,0.051301584996521765,False,False,True,False,True,False,False,False,False,True,False,False,False
0,1,1,1,0,0.10364429745562033,False,False,True,False,False,True,False,False,False,False,True,False,False
0,3,1,0,0,0.01798980030808316,False,False,True,False,True,False,False,False,False,False,True,False,False
0,1,1,0,0,0.15458810467956932,True,False,False,False,False,True,False,False,False,False,True,False,False
0,3,0,0,2,0.029757819776815374,True,False,False,False,False,True,False,False,False,False,False,True,False
1,3,0,0,0,0.015126992566498259,False,False,True,False,False,True,False,False,False,True,False,False,False
1,3,0,1,0,0.030937139635999665,False,False,True,False,False,True,False,False,False,False,False,True,False
0,3,1,0,0,0.013175122557917838,False,True,False,False,True,False,False,False,False,False,True,False,False
0,2,1,0,0,0.022446505098674838,False,False,True,False,True,False,False,False,False,False,True,False,False
0,2,1,1,1,0.07173122281533045,False,False,True,False,True,False,False,False,False,False,True,False,False
1,3,1,0,0,0.015216388212891242,False,False,True,False,False,True,False,False,False,False,True,False,False
0,3,0,2,2,0.06709553154495196,False,False,True,True,False,False,False,False,False,True,False,False,False
0,2,1,0,2,0.050748620223090936,False,False,True,False,False,True,False,False,False,False,True,False,False
0,2,1,0,0,0.025374310111545468,False,False,True,False,False,False,True,False,False,False,False,False,True
0,2,1,0,0,0.02444717185746977,False,False,True,False,False,False,True,False,False,False,False,False,True
1,1,0,1,0,0.12999454257145598,False,False,True,False,False,True,False,False,False,False,False,True,False
0,3,1,0,0,0.015712553569072387,False,False,True,False,False,False,True,False,False,False,True,False,False
0,3,1,0,2,0.028302115124416098,False,False,True,False,False,False,True,False,False,False,True,False,False
0,3,1,0,0,0.014273049437744325,False,False,True,False,False,True,False,False,False,False,True,False,False
0,1,1,0,1,0.11980421963065935,True,False,False,False,False,False,True,False,False,False,True,False,False
1,3,0,0,0,0.015094396337354966,False,True,False,False,True,False,False,False,False,True,False,False,False
0,3,1,0,0,0.015712553569072387,False,False,True,False,False,True,False,False,False,False,True,False,False
0,3,1,0,0,0.016908073949327893,False,False,True,False,False,True,False,False,False,False,True,False,False
0,3,1,8,2,0.13575255909676825,False,False,True,False,False,True,False,False,True,False,False,False,False
0,3,1,0,1,0.031425107138144774,False,False,True,False,False,False,True,False,False,False,True,False,False
1,2,0,0,0,0.030741952635141623,False,False,True,False,False,True,False,False,False,False,False,True,False
0,3,1,0,0,0.015175789316712771,False,False,True,False,False,True,False,False,False,False,True,False,False
0,3,1,0,0,0.016908073949327893,False,False,True,False,True,False,False,False,False,False,True,False,False
0,3,1,4,1,0.07746484096553544,False,False,True,True,False,False,False,False,True,False,False,False,False
1,3,1,0,2,0.04006213192611313,False,False,True,True,False,False,False,False,True,False,False,False,False
1,1,0,0,1,0.10735285047192313,False,False,True,False,False,True,False,False,False,False,False,True,False
0,3,0,1,4,0.05445717323939373,False,False,True,False,False,False,True,False,False,False,False,True,False
0,1,1,0,0,0.050602229972447406,False,False,True,False,False,True,False,False,False,False,True,False,False
0,3,1,0,0,0.11027245763075773,False,False,True,False,False,True,False,False,False,False,True,False,False
0,1,1,0,0,0.06538764528744409,False,False,True,False,False,False,False,True,False,False,True,False,False
0,3,1,4,1,0.05684821399990475,False,True,False,True,False,False,False,False,True,False,False,False,False
1,3,0,1,1,0.021730754366528396,False,False,True,True,False,False,False,False,False,True,False,False,False
0,3,1,0,0,0.015468569817999833,False,False,True,False,False,True,False,False,False,False,True,False,False
0,1,1,0,0,0.05991421140938287,True,False,False,False,False,False,True,False,False,False,True,False,False
0,3,1,1,1,0.015330377421392339,False,False,True,False,True,False,False,False,False,False,True,False,False
0,3,1,3,1,0.049707687947515,False,False,True,False,False,True,False,False,True,False,False,False,False
0,1,0,0,0,0.05604306762136532,True,False,False,False,False,False,True,False,False,True,False,False,False
0,2,1,0,0,0.025374310111545468,False,False,True,False,False,True,False,False,False,False,True,False,False
0,3,1,0,0,0.0,False,False,True,False,False,True,False,False,False,False,True,False,False
0,3,0,8,2,0.13575255909676825,False,False,True,False,False,True,False,False,False,True,False,False,False
0,2,1,0,0,0.02937564362913533,True,False,False,False,False,True,False,False,False,False,True,False,False
0,3,1,4,2,0.06126431989431795,False,False,True,True,False,False,False,False,True,False,False,False,False
1,2,1,2,1,0.07612293033463641,False,False,True,True,False,False,False,False,True,False,False,False,False
1,3,0,0,2,0.04298993693898376,False,False,True,True,False,False,False,False,False,True,False,False,False
0,1,1,0,0,0.09759350042902103,False,False,True,False,False,True,False,False,False,False,True,False,False
1,3,0,1,0,0.030253985132996517,False,True,False,False,False,True,False,False,False,False,False,True,False
1,1,1,0,0,0.051822148727810165,False,False,True,False,False,False,True,False,False,False,True,False,False
0,3,1,1,1,0.030253985132996517,False,True,False,False,False,True,False,False,False,False,True,False,False
0,3,1,0,0,0.015411575213749286,False,False,True,False,False,True,False,False,False,False,True,False,False
1,2,0,0,0,0.025374310111545468,False,False,True,False,False,True,False,False,False,False,False,True,False
0,2,1,0,0,0.025374310111545468,False,False,True,False,True,False,False,False,False,False,True,False,False
1,3,0,1,0,0.015330377421392339,False,False,True,False,True,False,False,False,False,True,False,False,False
1,2,1,1,1,0.050748620223090936,False,False,True,True,False,False,False,False,True,False,False,False,False
1,1,0,0,0,0.05410739813385612,True,False,False,False,False,False,True,False,False,False,False,True,False
1,1,0,0,0,0.2859895551532101,True,False,False,False,False,False,True,False,False,True,False,False,False
0,3,1,0,0,0.015126992566498259,False,True,False,False,False,True,False,False,False,False,True,False,False
0,3,1,0,1,0.01640390592611157,False,False,True,False,False,False,True,False,False,False,True,False,False
1,3,0,0,0,0.015126992566498259,False,True,False,False,False,True,False,False,False,True,False,False,False
0,2,0,0,0,0.025374310111545468,False,False,True,False,False,True,False,False,False,True,False,False,False
0,3,1,0,0,0.018542765081513996,False,False,True,False,False,True,False,False,False,False,True,False,False
0,3,1,8,2,0.13575255909676825,False,False,True,False,False,True,False,False,False,False,True,False,False
0,3,1,0,0,0.012678957201736696,False,False,True,False,False,True,False,False,False,False,True,False,False
0,3,1,0,0,0.014102260811993537,True,False,False,False,False,False,True,False,False,False,True,False,False
1,3,1,0,0,0.015712553569072387,False,False,True,False,True,False,False,False,False,False,True,False,False
0,3,0,0,1,0.02042143996477265,False,False,True,True,False,False,False,False,False,True,False,False,False
0,3,1,1,0,0.030937139635999665,False,False,True,False,False,True,False,False,False,False,True,False,False
1,3,1,0,0,0.036670757786204655,True,False,False,False,False,True,False,False,False,False,True,False,False
1,3,0,0,0,0.015126992566498259,False,True,False,False,True,False,False,False,False,True,False,False,False
1,1,1,0,0,0.060507970265993034,True,False,False,False,False,True,False,False,False,False,True,False,False
0,3,1,0,0,0.013760683560491965,False,False,True,False,False,True,False,False,False,False,True,False,False
1,2,0,0,0,0.04098927018018883,False,False,True,False,False,True,False,False,False,True,False,False,False
0,3,1,0,0,0.014151057562208049,False,False,True,False,False,True,False,False,False,False,True,False,False
0,2,1,0,0,0.025374310111545468,False,False,True,False,False,True,False,False,False,False,True,False,False
0,3,1,1,0,0.015126992566498259,False,True,False,False,False,True,False,False,False,False,True,False,False
1,1,0,1,0,0.22109807522194713,True,False,False,False,False,True,False,False,False,True,False,False,False
1,3,0,0,0,0.015468569817999833,False,False,True,False,False,True,False,False,False,True,False,False,False
0,2,1,1,0,0.05270049023167135,False,False,True,False,False,False,True,False,False,False,True,False,False
1,1,0,0,0,0.14891148113361488,True,False,False,False,False,True,False,False,False,True,False,False,False
0,2,1,0,0,0.020494635090094415,False,False,True,False,False,True,False,False,False,False,True,False,False
1,3,1,0,0,0.015712553569072387,False,False,True,False,True,False,False,False,False,False,True,False,False
0,2,1,0,0,0.025374310111545468,False,False,True,False,False,True,False,False,False,False,True,False,False
0,3,1,0,0,0.015712553569072387,False,False,True,False,False,False,True,False,False,False,True,False,False
0,3,1,0,0,0.015411575213749286,False,False,True,False,False,True,False,False,False,False,True,False,False
1,1,1,1,0,0.17566830077223786,False,False,True,False,False,True,False,False,False,False,True,False,False
0,3,1,0,0,0.018249984580226933,False,False,True,False,False,True,False,False,False,False,True,False,False
1,2,1,0,0,0.020494635090094415,False,False,True,False,True,False,False,False,False,False,True,False,False
0,3,1,0,0,0.014151057562208049,False,False,True,False,False,True,False,False,False,False,True,False,False
0,2,1,0,0,0.025374310111545468,False,False,True,False,True,False,False,False,False,False,True,False,False
0,3,0,3,1,0.049707687947515,False,False,True,False,False,True,False,False,False,True,False,False,False
1,1,0,1,0,0.16293234896625058,False,False,True,False,False,True,False,False,False,False,False,True,False
0,3,1,0,0,0.015175789316712771,False,False,True,False,False,True,False,False,False,False,True,False,False
0,2,1,0,0,0.026350245115835676,False,False,True,False,False,False,True,False,False,False,True,False,False
1,3,0,4,2,0.06126431989431795,False,False,True,True,False,False,False,False,False,True,False,False,False
0,2,1,0,0,0.020494635090094415,False,False,True,False,False,True,False,False,False,False,True,False,False
0,3,0,0,0,0.014736618564782174,False,False,True,False,False,True,False,False,False,True,False,False,False
0,2,1,1,0,0.050748620223090936,False,False,True,False,False,False,True,False,False,False,True,False,False
1,2,0,0,2,0.05123658772523604,False,False,True,True,False,False,False,False,False,True,False,False,False
0,2,1,0,0,0.020494635090094415,False,False,True,False,True,False,False,False,False,False,True,False,False
0,2,1,0,0,0.023959204355324663,False,False,True,False,False,True,False,False,False,False,True,False,False
0,3,0,1,0,0.028212719478023115,True,False,False,False,False,True,False,False,False,True,False,False,False
1,3,0,1,0,0.030253985132996517,False,True,False,False,False,True,False,False,False,True,False,False,False
0,2,1,0,0,0.020494635090094415,False,False,True,False,False,True,False,False,False,False,True,False,False
0,3,1,0,0,0.013907073811135496,False,False,True,False,False,True,False,False,False,False,True,False,False
0,3,1,0,0,0.014102260811993537,True,False,False,False,False,True,False,False,False,False,True,False,False
0,1,1,2,0,0.17566830077223786,False,True,False,False,False,False,True,False,False,False,False,False,True
0,3,0,0,0,0.015175789316712771,False,False,True,False,False,True,False,False,False,True,False,False,False
1,2,0,0,2,0.028302115124416098,False,False,True,False,False,True,False,False,False,False,False,True,False
1,1,1,1,1,0.10257896680493714,False,False,True,False,False,True,False,False,False,False,True,False,False
0,2,1,1,0,0.050748620223090936,False,False,True,False,False,False,True,False,False,False,False,False,True
0,3,1,0,0,0.014151057562208049,False,False,True,False,False,True,False,False,False,False,True,False,False
0,3,0,1,1,0.02042143996477265,False,False,True,False,False,True,False,False,False,False,False,True,False
0,1,1,0,0,0.051822148727810165,False,False,True,False,False,False,False,True,False,False,True,False,False
0,3,1,1,0,0.031425107138144774,False,False,True,False,False,True,False,False,False,False,True,False,False
0,3,0,0,2,0.039452172548431745,False,False,True,False,False,False,True,False,False,False,False,True,False
1,3,0,0,2,0.029757819776815374,True,False,False,False,False,True,False,False,False,False,False,True,False
1,1,0,0,0,0.15458810467956932,True,False,False,False,False,True,False,False,False,False,False,True,False
1,1,0,0,0,0.16883675574220638,False,False,True,False,False,True,False,False,False,True,False,False,False
1,1,0,0,0,1.0,True,False,False,False,False,True,False,False,False,True,False,False,False
1,2,0,0,1,0.050748620223090936,False,False,True,False,False,False,True,False,False,False,False,True,False
0,3,1,0,0,0.015126992566498259,False,True,False,False,False,True,False,False,False,False,True,False,False
1,3,1,4,2,0.06126431989431795,False,False,True,True,False,False,False,False,True,False,False,False,False
0,1,1,1,1,0.1554664461834305,False,False,True,False,False,False,True,False,False,False,True,False,False
0,1,1,0,0,0.0,False,False,True,False,False,True,False,False,False,False,True,False,False
0,3,0,0,0,0.015126992566498259,False,True,False,False,False,True,False,False,False,True,False,False,False
0,2,1,0,0,0.020494635090094415,False,False,True,False,False,True,False,False,False,False,True,False,False
0,3,1,4,1,0.07746484096553544,False,False,True,False,True,False,False,False,False,False,True,False,False
1,3,1,1,0,0.015175789316712771,False,False,True,False,False,True,False,False,False,False,True,False,False
1,1,0,0,1,0.2995388511917728,False,False,True,False,False,False,True,False,False,False,False,True,False
1,1,0,0,0,0.2647385704347907,False,False,True,False,False,True,False,False,False,True,False,False,False
0,1,1,0,0,0.060507970265993034,False,False,True,False,False,True,False,False,False,False,True,False,False
1,3,1,0,0,0.0,False,False,True,False,False,True,False,False,False,False,True,False,False
1,2,0,0,1,0.038061465167318204,False,False,True,False,False,False,True,False,False,False,False,True,False
0,1,1,0,1,0.057970539254838485,True,False,False,False,False,True,False,False,False,False,True,False,False
1,3,0,0,0,0.015126992566498259,False,True,False,False,False,True,False,False,False,True,False,False,False
1,1,0,1,0,0.15216446768991498,False,False,True,False,False,False,False,True,False,True,False,False,False
0,3,0,0,0,0.015126992566498259,False,False,True,False,False,False,True,False,False,True,False,False,False
0,2,1,0,0,0.0,False,False,True,False,False,True,False,False,False,False,True,False,False
0,3,1,4,1,0.05684821399990475,False,True,False,True,False,False,False,False,True,False,False,False,False
1,3,0,1,1,0.03952536767375352,False,False,True,False,False,True,False,False,False,False,False,True,False
0,3,1,0,0,0.015126992566498259,False,True,False,False,False,False,False,True,False,False,True,False,False
0,3,1,0,0,0.015330377421392339,False,False,True,False,False,True,False,False,False,False,True,False,False
0,3,1,0,0,0.018542765081513996,False,False,True,False,True,False,False,False,False,False,True,False,False
1,3,1,0,0,0.015712553569072387,False,False,True,False,True,False,False,False,False,False,True,False,False
0,1,1,0,0,0.050748620223090936,False,False,True,False,False,True,False,False,False,False,True,False,False
0,3,1,0,0,0.016908073949327893,True,False,False,False,False,True,False,False,False,False,True,False,False
1,3,1,0,0,0.018542765081513996,False,False,True,False,False,True,False,False,False,False,True,False,False
0,3,1,0,0,0.015411575213749286,False,False,True,False,False,True,False,False,False,False,True,False,False
1,2,1,0,0,0.025374310111545468,False,False,True,False,False,False,True,False,False,False,True,False,False
1,3,0,0,0,0.015126992566498259,False,True,False,False,False,True,False,False,False,True,False,False,False
1,1,0,0,0,0.15390495017656614,False,False,True,False,False,True,False,False,False,True,False,False,False
1,1,0,1,0,0.17777475888549785,True,False,False,False,True,False,False,False,False,False,False,True,False
0,2,1,0,0,0.025130326360472913,True,False,False,False,False,True,False,False,False,False,True,False,False
0,3,0,0,0,0.01727404957593672,False,False,True,False,False,True,False,False,False,True,False,False,False
0,3,1,0,0,0.015411575213749286,False,False,True,False,False,True,False,False,False,False,True,False,False
0,1,1,0,0,0.05410739813385612,True,False,False,False,False,True,False,False,False,False,True,False,False
0,3,1,0,0,0.014110458666029575,True,False,False,False,False,True,False,False,False,False,True,False,False
0,1,0,1,2,0.29580589980036276,False,False,True,True,False,False,False,False,False,True,False,False,False
1,1,1,0,0,0.05953203526170282,False,False,True,False,False,True,False,False,False,False,True,False,False
1,1,0,0,1,0.4831284260198326,True,False,False,False,False,False,True,False,False,False,False,True,False
1,3,0,0,0,0.015126992566498259,False,True,False,False,False,True,False,False,False,True,False,False,False
1,3,1,2,0,0.04538097769949478,False,True,False,False,False,True,False,False,False,False,True,False,False
0,3,1,0,0,0.0,False,False,True,False,True,False,False,False,False,False,True,False,False
1,2,0,0,0,0.024105594605968193,False,True,False,False,False,True,False,False,False,True,False,False,False
0,3,1,0,0,0.015712553569072387,False,False,True,False,False,True,False,False,False,False,True,False,False
1,1,1,1,2,0.29580589980036276,False,False,True,True,False,False,False,False,True,False,False,False,False
1,1,0,0,0,0.21642978772242535,True,False,False,False,False,True,False,False,False,True,False,False,False
1,1,0,1,0,0.2125586439344078,True,False,False,False,True,False,False,False,False,False,False,True,False
0,2,1,1,0,0.04684488020593009,True,False,False,False,False,True,False,False,False,False,True,False,False
1,1,0,0,0,0.11111839809247648,True,False,False,False,False,True,False,False,False,True,False,False,False
1,1,0,0,0,0.16231419173453318,True,False,False,False,False,True,False,False,False,True,False,False,False
1,1,0,2,2,0.5121218935012878,True,False,False,False,True,False,False,False,False,True,False,False,False
0,2,0,1,1,0.050748620223090936,False,False,True,False,False,True,False,False,False,False,False,True,False
0,3,1,0,0,0.015411575213749286,False,False,True,False,False,True,False,False,False,False,True,False,False
0,2,1,1,1,0.05123658772523604,False,False,True,False,False,False,True,False,False,False,True,False,False
1,3,0,0,0,0.015330377421392339,False,False,True,False,False,True,False,False,False,True,False,False,False
1,2,0,1,0,0.050748620223090936,False,False,True,False,False,True,False,False,False,False,False,True,False
0,2,1,0,0,0.027326180120125887,False,False,True,False,False,False,True,False,False,False,False,False,True
1,1,0,0,2,0.32179836714362564,False,False,True,False,False,True,False,False,False,True,False,False,False
1,1,0,1,1,0.2625265161540666,True,False,False,False,False,True,False,False,False,False,False,True,False
0,3,1,0,0,0.014151057562208049,False,False,True,False,False,True,False,False,False,False,True,False,False
0,3,1,0,0,0.015411575213749286,False,False,True,False,False,True,False,False,False,False,True,False,False
1,2,0,0,0,0.024105594605968193,False,True,False,False,False,True,False,False,False,True,False,False,False
1,2,0,1,1,0.056604230248832196,False,False,True,False,False,True,False,False,False,False,False,True,False
0,3,1,8,2,0.13575255909676825,False,False,True,False,False,True,False,False,False,False,True,False,False
1,1,0,0,0,0.2647385704347907,True,False,False,False,False,True,False,False,False,True,False,False,False
0,3,1,0,0,0.012174789178520372,False,False,True,False,False,False,False,True,False,False,True,False,False
1,2,0,0,0,0.025374310111545468,False,False,True,False,False,True,False,False,False,False,False,True,False
1,3,0,1,1,0.04006213192611313,False,False,True,False,False,True,False,False,False,False,False,True,False
1,1,0,0,1,0.11316786160148591,True,False,False,False,True,False,False,False,False,True,False,False,False
1,3,0,2,0,0.04538097769949478,False,True,False,False,False,True,False,False,False,True,False,False,False
0,1,1,0,0,0.055628295244541985,False,False,True,False,False,False,True,False,False,False,True,False,False
0,1,1,0,1,0.2995388511917728,False,False,True,False,False,True,False,False,False,False,True,False,False
0,3,1,2,0,0.03513366015444757,False,False,True,False,True,False,False,False,False,False,True,False,False
1,1,0,1,0,0.2608674266467732,False,False,True,False,False,True,False,False,False,False,False,True,False
0,3,1,0,0,0.015411575213749286,False,False,True,False,False,True,False,False,False,False,True,False,False
0,1,1,1,0,0.12999454257145598,False,False,True,False,False,True,False,False,False,False,True,False,False
1,1,0,0,0,0.2625265161540666,True,False,False,False,False,False,True,False,False,True,False,False,False
1,3,1,0,0,0.015712553569072387,False,False,True,False,False,False,True,False,False,False,True,False,False
0,1,1,0,0,0.06929138530460494,False,False,True,False,False,False,True,False,False,False,True,False,False
1,2,1,1,1,0.050748620223090936,False,False,True,True,False,False,False,False,True,False,False,False,False
1,1,0,3,2,0.5133418122566507,False,False,True,False,False,True,False,False,False,True,False,False,False
0,2,1,0,0,0.025374310111545468,False,False,True,False,False,True,False,False,False,False,True,False,False
0,2,1,0,0,0.025374310111545468,False,False,True,False,False,True,False,False,False,False,True,False,False
0,2,1,0,0,0.025374310111545468,False,False,True,False,False,True,False,False,False,False,True,False,False
1,2,0,0,0,0.025374310111545468,False,False,True,False,False,True,False,False,False,True,False,False,False
1,2,0,0,0,0.025374310111545468,False,False,True,False,False,True,False,False,False,True,False,False,False
1,3,0,1,0,0.031425107138144774,False,False,True,False,False,True,False,False,False,False,False,True,False
1,3,1,1,1,0.031034733136428686,False,False,True,True,False,False,False,False,True,False,False,False,False
0,3,1,0,0,0.016908073949327893,False,False,True,False,False,False,True,False,False,False,True,False,False
0,3,1,0,0,0.01800600082915438,False,False,True,False,False,True,False,False,False,False,True,False,False
0,1,1,0,0,0.06831545030031472,False,False,True,False,False,True,False,False,False,False,True,False,False
0,3,1,1,1,0.014110458666029575,True,False,False,False,True,False,False,False,False,False,True,False,False
0,3,1,1,0,0.034743286152731485,False,False,True,False,False,True,False,False,False,False,True,False,False
0,3,1,0,0,0.014102260811993537,True,False,False,False,False,True,False,False,False,False,True,False,False
0,3,1,0,0,0.018542765081513996,False,False,True,False,False,True,False,False,False,False,True,False,False
1,1,0,0,1,0.10735285047192313,False,False,True,False,False,True,False,False,False,True,False,False,False
0,2,0,0,0,0.025374310111545468,False,False,True,False,False,True,False,False,False,True,False,False,False
1,3,0,0,0,0.01537917417160685,False,True,False,False,False,True,False,False,False,True,False,False,False
1,3,0,0,0,0.01537917417160685,False,True,False,False,False,True,False,False,False,True,False,False,False
0,3,1,1,4,0.05445717323939373,False,False,True,False,False,True,False,False,False,False,True,False,False
0,2,1,1,0,0.05410739813385612,True,False,False,False,False,True,False,False,False,False,True,False,False
0,3,0,0,1,0.028212719478023115,True,False,False,False,False,False,True,False,False,False,False,True,False
0,3,1,0,0,0.013760683560491965,False,False,True,False,False,True,False,False,False,False,True,False,False
0,3,1,1,0,0.030253985132996517,False,True,False,False,False,True,False,False,False,False,True,False,False
0,3,1,0,0,0.014151057562208049,False,False,True,False,False,True,False,False,False,False,True,False,False
1,1,0,1,0,0.14687821814567664,True,False,False,False,False,False,True,False,False,False,False,True,False
1,3,0,0,0,0.014110458666029575,True,False,False,False,False,True,False,False,False,False,False,True,False
1,3,0,0,0,0.015126992566498259,False,True,False,False,False,True,False,False,False,True,False,False,False
1,1,0,0,0,0.13526459159462315,True,False,False,False,False,True,False,False,False,False,False,True,False
1,1,1,1,0,0.1082149914547131,True,False,False,False,False,True,False,False,False,False,True,False,False
0,3,1,1,0,0.012678957201736696,False,False,True,False,True,False,False,False,False,False,True,False,False
0,3,1,0,0,0.015712553569072387,False,False,True,False,True,False,False,False,False,False,True,False,False
0,1,1,0,0,0.2647385704347907,True,False,False,False,False,True,False,False,False,False,True,False,False
0,3,0,3,1,0.04113566043083236,False,False,True,True,False,False,False,False,False,True,False,False,False
1,1,0,1,0,0.16038672010106003,True,False,False,False,False,True,False,False,False,False,False,True,False
1,3,0,0,0,0.014151057562208049,False,False,True,False,False,True,False,False,False,True,False,False,False
0,1,1,0,2,0.41282050681475896,True,False,False,False,False,True,False,False,False,False,True,False,False
0,3,1,0,0,0.007831878409428937,True,False,False,False,True,False,False,False,False,False,True,False,False
0,3,1,0,0,0.015175789316712771,False,False,True,False,True,False,False,False,False,False,True,False,False
1,1,0,0,0,0.4440992237022602,True,False,False,False,False,False,True,False,False,True,False,False,False
1,3,0,0,2,0.030725752114070404,True,False,False,True,False,False,False,False,False,True,False,False,False
0,3,1,0,0,0.015468569817999833,False,False,True,False,False,True,False,False,False,False,True,False,False
1,1,0,1,0,0.10149724044618187,False,False,True,False,False,True,False,False,False,False,False,True,False
0,3,1,0,0,0.015411575213749286,False,False,True,False,False,True,False,False,False,False,True,False,False
0,2,1,0,0,0.1434624456306609,False,False,True,False,True,False,False,False,False,False,True,False,False
0,3,1,5,2,0.09154270340242172,False,False,True,True,False,False,False,False,True,False,False,False,False
1,2,0,0,0,0.025374310111545468,False,False,True,False,False,True,False,False,False,True,False,False,False
0,3,1,0,0,0.015086393670319786,False,True,False,False,False,True,False,False,False,False,True,False,False
1,2,0,0,0,0.023422440102965045,True,False,False,False,True,False,False,False,False,True,False,False,False
1,1,1,1,2,0.23422440102965048,False,False,True,False,False,True,False,False,False,False,True,False,False
1,3,1,0,0,0.015216388212891242,False,False,True,False,False,True,False,False,False,False,True,False,False
0,3,1,2,0,0.015468569817999833,False,False,True,False,False,True,False,False,False,False,True,False,False
1,1,0,1,0,0.22109807522194713,True,False,False,False,False,True,False,False,False,True,False,False,False
1,3,0,0,2,0.03259622914329302,False,False,True,False,False,True,False,False,False,False,False,True,False
0,3,1,0,0,0.015216388212891242,False,False,True,False,False,True,False,False,False,False,True,False,False
0,3,0,0,0,0.015330377421392339,False,False,True,False,False,True,False,False,False,True,False,False,False
0,2,1,0,0,0.050748620223090936,False,False,True,False,False,False,True,False,False,False,True,False,False
0,2,1,0,0,0.020494635090094415,False,False,True,False,False,True,False,False,False,False,False,False,True
1,2,0,0,0,0.02469115560854232,False,False,True,False,False,True,False,False,False,False,False,True,False
1,3,1,0,0,0.015468569817999833,False,False,True,False,False,True,False,False,False,False,True,False,False
0,3,1,0,0,0.015712553569072387,False,False,True,False,False,True,False,False,False,False,True,False,False
0,3,0,1,0,0.019177122834302632,False,False,True,False,False,True,False,False,False,True,False,False,False
0,3,1,1,0,0.030937139635999665,False,False,True,False,False,True,False,False,False,False,True,False,False
0,3,0,0,0,0.016908073949327893,False,False,True,False,True,False,False,False,False,True,False,False,False
0,2,1,1,0,0.04098927018018883,False,False,True,False,False,True,False,False,False,False,True,False,False
0,3,1,0,0,0.015126992566498259,False,False,True,False,False,False,True,False,False,False,True,False,False
1,2,1,1,1,0.03659756266088288,False,False,True,True,False,False,False,False,True,False,False,False,False
0,3,1,0,0,0.015175789316712771,False,False,True,False,False,True,False,False,False,False,True,False,False
0,3,0,3,1,0.049707687947515,False,False,True,False,False,True,False,False,False,True,False,False,False
0,3,1,0,0,0.015411575213749286,False,False,True,False,False,True,False,False,False,False,True,False,False
0,3,1,0,0,0.013386510079847098,False,True,False,False,False,True,False,False,False,False,True,False,False
1,1,0,1,0,0.17566830077223786,False,True,False,False,False,True,False,False,False,True,False,False,False
0,2,1,0,0,0.0,False,False,True,False,False,True,False,False,False,False,True,False,False
1,3,1,0,0,0.015468569817999833,False,False,True,False,False,False,True,False,False,False,True,False,False
0,3,0,0,0,0.015712553569072387,False,False,True,False,False,True,False,False,False,False,False,True,False
1,2,0,1,1,0.06343577527886367,False,False,True,False,False,True,False,False,False,False,False,True,False
1,2,0,0,2,0.025374310111545468,False,False,True,False,True,False,False,False,False,True,False,False,False
0,2,1,0,0,0.025374310111545468,False,False,True,False,False,True,False,False,False,False,True,False,False
0,3,0,0,2,0.04713766070721715,False,False,True,True,False,False,False,False,False,True,False,False,False
0,3,1,0,0,0.015411575213749286,True,False,False,False,False,True,False,False,False,False,True,False,False
0,3,1,0,0,0.015094396337354966,False,True,False,False,False,True,False,False,False,False,True,False,False
0,3,1,0,0,0.015370976317570811,False,False,True,False,False,True,False,False,False,False,True,False,False
0,3,0,1,1,0.028106928123558056,False,False,True,False,False,True,False,False,False,False,False,True,False
0,3,1,1,1,0.039452172548431745,False,False,True,False,True,False,False,False,False,False,True,False,False
0,3,1,0,0,0.014151057562208049,False,False,True,False,False,True,False,False,False,False,True,False,False
1,2,0,1,0,0.050748620223090936,False,False,True,False,False,True,False,False,False,False,False,True,False
1,2,0,0,0,0.050748620223090936,False,False,True,False,True,False,False,False,False,True,False,False,False
0,3,1,0,0,0.015126992566498259,False,True,False,False,False,True,False,False,False,False,True,False,False
1,3,1,0,0,0.015712553569072387,False,False,True,False,False,True,False,False,False,False,True,False,False
1,1,1,0,0,0.051822148727810165,False,False,True,False,False,True,False,False,False,False,True,False,False
1,3,0,1,0,0.031425107138144774,False,False,True,False,False,True,False,False,False,False,False,True,False
1,2,0,1,0,0.050748620223090936,False,False,True,False,False,False,True,False,False,False,False,True,False
0,3,1,0,0,0.013907073811135496,False,False,True,False,True,False,False,False,False,False,True,False,False
0,1,1,1,0,0.1091095334796455,False,False,True,False,False,False,True,False,False,False,True,False,False
1,1,0,1,2,0.23422440102965048,False,False,True,False,True,False,False,False,False,True,False,False,False
0,3,0,2,2,0.06709553154495196,False,False,True,False,False,True,False,False,False,True,False,False,False
1,2,0,2,3,0.03659756266088288,False,False,True,False,False,True,False,False,False,False,False,True,False
0,1,1,1,4,0.5133418122566507,False,False,True,False,False,False,False,True,False,False,True,False,False
0,2,1,0,0,0.020494635090094415,False,False,True,False,False,True,False,False,False,False,True,False,False
1,2,0,1,1,0.05123658772523604,False,False,True,False,False,False,True,False,False,False,False,True,False
0,3,1,0,0,0.018542765081513996,False,False,True,False,True,False,False,False,False,False,True,False,False
0,3,1,1,0,0.015175789316712771,False,False,True,False,False,True,False,False,False,False,True,False,False
1,2,0,0,0,0.025374310111545468,False,False,True,False,False,True,False,False,False,True,False,False,False
1,3,1,0,0,0.015834545444608664,False,False,True,False,False,True,False,False,False,False,True,False,False
1,1,1,0,2,0.15977676072337862,False,False,True,True,False,False,False,False,True,False,False,False,False
1,2,0,0,1,0.038061465167318204,False,False,True,False,True,False,False,False,False,True,False,False,False
1,1,1,0,0,0.051822148727810165,False,False,True,False,False,True,False,False,False,False,True,False,False
1,3,0,2,1,0.03758969818624431,True,False,False,True,False,False,False,False,False,True,False,False,False
1,1,1,0,0,0.05953203526170282,False,False,True,False,False,False,True,False,False,False,False,False,True
0,2,1,1,2,0.05416439273810667,False,False,True,False,False,True,False,False,False,False,True,False,False
0,3,1,1,0,0.03897240290032268,False,False,True,False,False,True,False,False,False,False,True,False,False
0,1,1,0,0,0.05416439273810667,True,False,False,False,False,True,False,False,False,False,True,False,False
1,1,1,1,0,0.17391981561855152,True,False,False,False,False,False,True,False,False,False,True,False,False
0,3,1,0,0,0.015712553569072387,False,False,True,False,False,True,False,False,False,False,True,False,False
1,3,1,0,0,0.015411575213749286,True,False,False,False,False,True,False,False,False,False,True,False,False
0,1,1,0,0,0.051822148727810165,False,False,True,False,False,False,False,True,False,False,True,False,False
1,1,0,1,0,0.10122885832000206,False,False,True,False,False,True,False,False,False,False,False,True,False
1,2,0,0,0,0.020494635090094415,False,False,True,False,False,False,True,False,False,True,False,False,False
0,3,1,0,0,0.015126992566498259,False,True,False,False,False,True,False,False,False,False,True,False,False
1,1,1,0,0,0.051822148727810165,False,False,True,False,False,False,True,False,False,False,True,False,False
0,3,1,0,0,0.015712553569072387,False,False,True,False,False,True,False,False,False,False,True,False,False
0,1,1,0,0,0.07514699533034619,False,False,True,False,False,False,True,False,False,False,True,False,False
0,2,1,0,0,0.025374310111545468,False,False,True,False,False,False,True,False,False,False,True,False,False
0,3,1,0,0,0.015712553569072387,False,False,True,False,False,True,False,False,False,False,True,False,False
0,3,1,0,0,0.013760683560491965,False,False,True,False,False,True,False,False,False,False,True,False,False
0,2,1,0,0,0.0,False,False,True,False,False,True,False,False,False,False,True,False,False
0,1,1,0,0,0.051822148727810165,False,False,True,False,False,False,True,False,False,False,True,False,False
0,3,1,0,0,0.015078195816283748,False,True,False,False,False,True,False,False,False,False,True,False,False
1,3,0,2,1,0.03758969818624431,True,False,False,True,False,False,False,False,False,True,False,False,False
0,3,1,0,0,0.014151057562208049,False,False,True,False,False,True,False,False,False,False,True,False,False
0,3,1,0,0,0.016908073949327893,False,False,True,False,False,True,False,False,False,False,True,False,False
1,2,0,1,2,0.05416439273810667,False,False,True,False,False,True,False,False,False,False,False,True,False
1,2,0,0,0,0.026919605597338588,True,False,False,False,False,True,False,False,False,False,False,True,False
0,3,0,0,0,0.019201521209409888,False,False,True,False,False,True,False,False,False,True,False,False,False
0,1,1,0,0,0.10149724044618187,False,False,True,False,False,True,False,False,False,False,True,False,False
0,2,1,1,0,0.04098927018018883,False,False,True,False,False,True,False,False,False,False,True,False,False
0,3,1,1,0,0.013752485706455927,False,False,True,False,False,True,False,False,False,False,True,False,False
0,3,1,0,0,0.014679623960531627,False,False,True,False,False,True,False,False,False,False,True,False,False
1,3,0,0,1,0.023983602730431916,False,False,True,True,False,False,False,False,False,True,False,False,False
0,3,1,5,2,0.09154270340242172,False,False,True,True,False,False,False,False,True,False,False,False,False
0,2,1,0,0,0.0,False,False,True,False,False,True,False,False,False,False,True,False,False
0,3,1,0,0,0.015712553569072387,False,False,True,False,False,False,True,False,False,False,True,False,False
1,3,0,0,0,0.018713553707264782,False,False,True,False,False,False,False,True,False,False,False,True,False
1,1,1,1,0,0.17777475888549785,True,False,False,False,False,True,False,False,False,False,True,False,False
0,3,0,3,1,0.049707687947515,False,False,True,False,False,True,False,False,False,True,False,False,False
1,1,0,1,0,0.17566830077223786,False,False,True,False,False,True,False,False,False,False,False,True,False
0,1,1,0,0,0.057970539254838485,True,False,False,False,False,False,True,False,False,False,True,False,False
0,3,1,0,0,0.015712553569072387,False,False,True,False,False,True,False,False,False,False,True,False,False
1,3,1,1,1,0.031034733136428686,False,False,True,True,False,False,False,False,True,False,False,False,False
0,3,1,1,0,0.03897240290032268,False,False,True,False,False,True,False,False,False,False,True,False,False
0,3,1,0,0,0.014151057562208049,False,False,True,False,False,True,False,False,False,False,True,False,False
0,1,1,0,0,0.05953203526170282,False,False,True,False,False,False,True,False,False,False,True,False,False
0,1,1,0,0,0.09662576327876685,True,False,False,False,False,False,False,True,False,False,True,False,False
0,3,1,0,0,0.015712553569072387,False,False,True,False,False,True,False,False,False,False,True,False,False
0,3,1,0,0,0.028220722145058292,True,False,False,False,False,True,False,False,False,False,True,False,False
1,1,0,1,0,0.1527664244005612,True,False,False,False,False,False,True,False,False,True,False,False,False
0,3,1,0,0,0.029473237129564348,False,False,True,False,False,True,False,False,False,False,True,False,False
0,1,0,1,2,0.29580589980036276,False,False,True,False,False,True,False,False,False,False,False,True,False
0,3,1,0,0,0.015216388212891242,False,False,True,False,False,True,False,False,False,False,True,False,False
0,3,1,0,0,0.016908073949327893,False,False,True,False,True,False,False,False,False,False,True,False,False
0,3,0,0,0,0.015126992566498259,False,True,False,False,False,True,False,False,False,True,False,False,False
0,3,0,0,0,0.014891206669461744,False,True,False,False,False,True,False,False,False,True,False,False,False
0,3,0,0,0,0.018713553707264782,False,False,True,False,False,True,False,False,False,True,False,False,False
1,1,0,0,0,0.16883675574220638,False,False,True,False,True,False,False,False,False,True,False,False,False
0,1,1,1,0,0.2125586439344078,True,False,False,False,True,False,False,False,False,False,True,False,False
1,2,0,0,2,0.050748620223090936,False,False,True,False,False,True,False,False,False,False,False,True,False
1,1,1,0,0,0.051822148727810165,False,False,True,False,False,True,False,False,False,False,True,False,False
0,3,1,0,0,0.04396587194327397,False,False,True,False,False,True,False,False,False,False,True,False,False
1,3,1,0,0,0.11027245763075773,False,False,True,False,False,True,False,False,False,False,True,False,False
1,3,1,0,0,0.015126992566498259,False,True,False,False,False,True,False,False,False,False,True,False,False
0,3,1,0,0,0.015712553569072387,False,False,True,False,False,True,False,False,False,False,True,False,False
1,1,1,0,0,0.05130978285055781,False,False,True,False,False,True,False,False,False,False,True,False,False
1,1,0,1,0,0.11594107850967697,True,False,False,False,False,False,True,False,False,False,False,True,False
0,3,1,0,0,0.014630827210317117,False,False,True,False,False,True,False,False,False,False,True,False,False
0,1,1,0,0,0.06640417918791278,False,False,True,False,False,False,True,False,False,False,True,False,False
1,2,0,0,0,0.020494635090094415,False,False,True,False,False,True,False,False,False,False,False,True,False
0,3,1,0,0,0.04713766070721715,False,True,False,False,False,True,False,False,False,False,True,False,False
1,2,0,1,0,0.050748620223090936,False,False,True,False,False,True,False,False,False,False,False,True,False
0,3,1,0,0,0.015411575213749286,False,False,True,False,False,True,False,False,False,False,True,False,False
1,1,0,0,0,0.18249984580226933,False,False,True,False,False,True,False,False,False,True,False,False,False
0,3,1,0,0,0.015411575213749286,False,False,True,False,False,True,False,False,False,False,True,False,False
0,3,1,0,0,0.014102260811993537,True,False,False,False,False,True,False,False,False,False,True,False,False
1,1,0,0,1,0.11316786160148591,True,False,False,False,False,False,True,False,False,False,False,True,False
0,3,1,0,0,0.014110458666029575,True,False,False,False,False,True,False,False,False,False,True,False,False
0,3,1,0,0,0.015126992566498259,False,True,False,False,False,False,True,False,False,False,True,False,False
1,2,0,0,0,0.020494635090094415,False,False,True,False,False,False,True,False,False,True,False,False,False
0,1,1,0,0,0.4328841690069588,False,False,True,False,False,True,False,False,False,False,True,False,False
0,3,1,0,0,0.015468569817999833,False,False,True,False,False,True,False,False,False,False,True,False,False
0,2,1,2,1,0.022446505098674838,False,False,True,False,False,True,False,False,False,False,True,False,False
1,2,0,1,1,0.050748620223090936,False,False,True,True,False,False,False,False,False,True,False,False,False
0,3,1,0,0,0.014110458666029575,True,False,False,False,False,True,False,False,False,False,True,False,False
0,3,1,1,1,0.014110458666029575,True,False,False,False,True,False,False,False,False,False,True,False,False
1,3,0,0,2,0.04364049521284362,True,False,False,False,False,True,False,False,False,False,False,True,False
0,3,0,0,0,0.016908073949327893,False,False,True,False,False,True,False,False,False,True,False,False,False
1,2,0,0,2,0.05123658772523604,False,False,True,True,False,False,False,False,False,True,False,False,False
0,1,1,0,0,0.051822148727810165,False,False,True,False,False,False,True,False,False,False,False,False,True
1,1,0,0,0,0.20772776566317125,True,False,False,False,False,True,False,False,False,True,False,False,False
0,3,1,0,0,0.028302115124416098,False,False,True,False,False,True,False,False,False,False,True,False,False
1,1,0,0,2,0.09661756542473082,True,False,False,False,False,True,False,False,False,True,False,False,False
1,1,0,0,2,0.13858277060920987,False,False,True,False,False,True,False,False,False,True,False,False,False
0,3,0,4,2,0.06104473451835265,False,False,True,True,False,False,False,False,False,True,False,False,False
0,3,0,4,2,0.06104473451835265,False,False,True,True,False,False,False,False,False,True,False,False,False
1,2,1,1,0,0.050748620223090936,False,False,True,False,False,True,False,False,False,False,True,False,False
0,1,1,1,0,0.20772776566317125,True,False,False,False,False,False,True,False,False,False,True,False,False
0,1,1,0,0,0.050748620223090936,False,False,True,False,False,False,False,True,False,False,True,False,False
1,2,0,1,0,0.050748620223090936,False,False,True,False,True,False,False,False,False,False,False,True,False
1,2,1,0,0,0.02705779799394608,True,False,False,False,False,True,False,False,False,False,True,False,False
0,3,1,1,1,0.04006213192611313,False,False,True,False,False,True,False,False,False,False,True,False,False
1,2,1,1,1,0.07173122281533045,False,False,True,True,False,False,False,False,True,False,False,False,False
1,1,1,0,2,0.21642978772242535,True,False,False,False,True,False,False,False,False,False,True,False,False
0,2,1,0,0,0.050748620223090936,False,False,True,False,False,True,False,False,False,False,True,False,False
0,3,1,0,0,0.015281580671177828,False,True,False,False,False,True,False,False,False,False,True,False,False
1,3,1,0,0,0.014102260811993537,True,False,False,False,False,True,False,False,False,False,True,False,False
1,3,0,0,0,0.015175789316712771,False,False,True,False,False,True,False,False,False,True,False,False,False
0,1,1,0,0,0.051822148727810165,False,False,True,False,False,False,False,True,False,False,True,False,False
1,1,0,1,0,0.07729405233978466,True,False,False,False,False,False,True,False,False,False,False,False,True
0,1,1,0,0,0.4440992237022602,True,False,False,False,False,True,False,False,False,False,True,False,False
1,1,0,1,1,0.1554664461834305,False,False,True,False,False,True,False,False,False,False,False,True,False
1,3,0,1,0,0.033962538149299316,False,False,True,False,False,True,False,False,False,False,False,True,False
0,3,1,0,0,0.015126992566498259,False,True,False,False,False,True,False,False,False,False,True,False,False
0,3,1,0,0,0.015411575213749286,False,False,True,False,False,True,False,False,False,False,True,False,False
0,2,1,0,0,0.026350245115835676,False,False,True,False,False,True,False,False,False,False,True,False,False
0,3,1,0,0,0.015712553569072387,False,False,True,False,False,True,False,False,False,False,True,False,False
0,3,0,0,0,0.015712553569072387,False,False,True,False,False,True,False,False,False,True,False,False,False
0,3,1,2,0,0.04713766070721715,False,False,True,False,False,True,False,False,False,False,True,False,False
0,3,1,0,0,0.015411575213749286,False,False,True,False,True,False,False,False,False,False,True,False,False
0,3,0,0,4,0.04113566043083236,False,False,True,False,False,True,False,False,False,False,False,True,False
0,3,1,0,0,0.014110458666029575,True,False,False,False,False,True,False,False,False,False,True,False,False
1,3,1,0,0,0.015330377421392339,False,False,True,False,False,True,False,False,False,False,True,False,False
1,2,1,0,0,0.020494635090094415,False,False,True,False,False,False,False,True,False,False,True,False,False
1,1,0,2,0,0.10048070654571319,False,False,True,False,False,False,True,False,False,False,False,True,False
1,1,1,0,0,0.051504969851415845,False,False,True,False,False,True,False,False,False,False,True,False,False
1,3,0,0,0,0.015126992566498259,False,True,False,False,False,True,False,False,False,True,False,False,False
0,3,1,0,0,0.015712553569072387,False,False,True,False,True,False,False,False,False,False,True,False,False
0,3,1,0,0,0.028302115124416098,False,False,True,False,True,False,False,False,False,False,True,False,False
1,2,0,0,0,0.025374310111545468,False,False,True,False,False,True,False,False,False,True,False,False,False
1,1,0,1,0,0.1091095334796455,False,False,True,False,False,True,False,False,False,False,False,True,False
0,3,0,1,0,0.028220722145058292,True,False,False,False,False,True,False,False,False,False,False,True,False
1,3,1,0,0,0.015468569817999833,False,False,True,False,False,True,False,False,False,False,True,False,False
1,2,0,1,1,0.05855610025741262,False,False,True,False,False,True,False,False,False,True,False,False,False
1,1,0,1,1,0.21642978772242535,True,False,False,False,False,True,False,False,False,False,False,True,False
0,2,1,0,0,0.050748620223090936,False,False,True,False,False,False,True,False,False,False,True,False,False
0,1,1,0,0,0.07831878409428937,True,False,False,False,False,True,False,False,False,False,True,False,False
0,3,1,0,0,0.017005667449756914,True,False,False,False,False,True,False,False,False,False,True,False,False
1,1,0,0,2,0.1554664461834305,False,False,True,False,True,False,False,False,False,True,False,False,False
0,2,1,0,0,0.02927805012870631,False,False,True,False,False,False,True,False,False,False,True,False,False
1,1,1,1,1,0.15458810467956932,True,False,False,False,False,False,True,False,False,False,True,False,False
0,3,1,0,0,0.015712553569072387,False,False,True,False,False,True,False,False,False,False,True,False,False
0,3,1,0,0,0.015712553569072387,False,False,True,False,False,True,False,False,False,False,True,False,False
0,3,1,0,0,0.013907073811135496,False,False,True,False,False,True,False,False,False,False,True,False,False
1,1,0,1,0,0.1527664244005612,True,False,False,False,False,False,True,False,False,False,False,True,False
0,3,1,0,0,0.014151057562208049,False,False,True,False,False,False,True,False,False,False,True,False,False
0,3,0,0,2,0.015126992566498259,False,True,False,False,False,True,False,False,False,True,False,False,False
0,2,1,1,0,0.050748620223090936,False,False,True,False,False,True,False,False,False,False,True,False,False
0,3,1,1,1,0.04713766070721715,False,False,True,False,False,True,False,False,False,False,True,False,False
1,2,0,0,0,0.06441171028315387,False,False,True,False,False,True,False,False,False,True,False,False,False
0,3,1,0,0,0.0,False,False,True,False,False,False,True,False,False,False,True,False,False
0,3,1,0,0,0.014102260811993537,True,False,False,False,False,True,False,False,False,False,True,False,False
1,1,1,1,0,0.11111839809247648,True,False,False,False,False,False,True,False,False,False,False,False,True
1,2,0,2,1,0.05270049023167135,False,False,True,False,False,True,False,False,False,False,False,True,False
0,3,1,0,0,0.015411575213749286,False,False,True,False,False,True,False,False,False,False,True,False,False
0,1,1,0,0,0.08275928836380983,False,False,True,False,False,True,False,False,False,False,True,False,False
0,3,1,0,0,0.015712553569072387,False,False,True,False,False,False,True,False,False,False,True,False,False
1,1,1,0,0,0.051822148727810165,True,False,False,False,False,True,False,False,False,False,True,False,False
0,3,1,1,0,0.030351578633425542,False,False,True,False,False,True,False,False,False,False,True,False,False
0,3,1,0,0,0.015411575213749286,False,False,True,False,False,True,False,False,False,False,True,False,False
1,1,1,0,0,0.05953203526170282,False,False,True,False,False,True,False,False,False,False,True,False,False
1,2,0,1,2,0.08115719346076702,True,False,False,False,False,True,False,False,False,False,False,True,False
1,1,0,0,0,0.2995388511917728,False,False,True,False,False,True,False,False,False,True,False,False,False
0,3,0,1,5,0.06104473451835265,False,False,True,False,False,True,False,False,False,False,False,True,False
0,3,1,0,0,0.013760683560491965,False,False,True,False,False,True,False,False,False,False,True,False,False
1,3,0,1,0,0.030253985132996517,False,True,False,False,False,True,False,False,False,True,False,False,False
0,3,1,0,0,0.015126992566498259,False,True,False,False,False,True,False,False,False,False,True,False,False
0,3,1,0,0,0.015712553569072387,False,False,True,False,False,True,False,False,False,False,True,False,False
1,2,0,1,2,0.12687155055772734,False,False,True,False,False,True,False,False,False,True,False,False,False
0,3,1,1,1,0.028106928123558056,False,False,True,False,False,True,False,False,False,False,True,False,False
0,3,0,1,0,0.031425107138144774,False,False,True,False,False,True,False,False,False,False,False,True,False
1,2,0,2,1,0.07612293033463641,False,False,True,True,False,False,False,False,False,True,False,False,False
0,2,1,0,0,0.020494635090094415,False,False,True,False,False,True,False,False,False,False,True,False,False
0,3,1,1,0,0.028212719478023115,True,False,False,False,False,True,False,False,False,False,True,False,False
1,1,1,1,0,0.10257896680493714,False,False,True,False,False,False,True,False,False,False,True,False,False
1,3,1,1,1,0.030725752114070404,True,False,False,False,True,False,False,False,False,False,True,False,False
0,3,1,0,0,0.015330377421392339,False,False,True,False,False,True,False,False,False,False,True,False,False
0,3,1,0,0,0.031425107138144774,False,False,True,False,False,True,False,False,False,False,True,False,False
0,1,1,0,0,0.06308600017332605,False,False,True,False,False,False,False,True,False,False,True,False,False
0,2,1,0,0,0.024105594605968193,False,True,False,False,False,False,True,False,False,False,False,False,True
1,1,0,0,0,0.15216446768991498,False,False,True,False,False,True,False,False,False,True,False,False,False
0,3,1,0,0,0.015411575213749286,False,False,True,False,False,True,False,False,False,False,True,False,False
0,3,1,0,0,0.015094396337354966,False,True,False,False,False,True,False,False,False,False,True,False,False
1,1,1,0,0,0.05855610025741262,False,False,True,False,False,False,False,True,False,False,True,False,False
0,3,1,0,0,0.013768881414528002,False,False,True,False,False,False,True,False,False,False,True,False,False
1,1,1,0,0,0.05953203526170282,True,False,False,False,False,True,False,False,False,False,False,False,True
0,1,1,0,0,0.0,False,False,True,False,False,True,False,False,False,False,True,False,False
0,3,0,3,2,0.05445717323939373,False,False,True,True,False,False,False,False,False,True,False,False,False
1,2,0,0,0,0.025374310111545468,False,False,True,False,False,True,False,False,False,True,False,False,False
0,3,1,0,0,0.015468569817999833,False,False,True,False,False,True,False,False,False,False,True,False,False
0,2,1,1,1,0.05123658772523604,False,False,True,False,False,True,False,False,False,False,True,False,False
0,3,0,0,5,0.07746484096553544,False,False,True,False,False,False,True,False,False,False,False,True,False
0,3,1,1,0,0.031425107138144774,False,False,True,False,False,True,False,False,False,False,True,False,False
0,3,1,0,0,0.015330377421392339,False,False,True,False,True,False,False,False,False,False,True,False,False
1,1,0,0,0,0.13526459159462315,True,False,False,False,False,True,False,False,False,True,False,False,False
0,3,0,3,2,0.05445717323939373,False,False,True,True,False,False,False,False,False,True,False,False,False
1,3,1,0,0,0.11027245763075773,False,False,True,False,False,True,False,False,False,False,True,False,False
1,3,0,2,1,0.03758969818624431,True,False,False,True,False,False,False,False,False,True,False,False,False
1,1,1,1,0,0.1497654242623688,True,False,False,False,False,False,True,False,False,False,True,False,False
0,3,1,0,0,0.015411575213749286,False,False,True,False,True,False,False,False,False,False,True,False,False
1,1,1,0,0,0.06929138530460494,True,False,False,False,False,False,True,False,False,False,False,False,True
0,3,1,0,0,0.014736618564782174,False,False,True,False,False,True,False,False,False,False,True,False,False
1,3,0,0,0,0.014736618564782174,False,False,True,False,False,True,False,False,False,True,False,False,False
0,3,1,0,0,0.015411575213749286,False,False,True,False,False,True,False,False,False,False,True,False,False
1,2,0,0,1,0.044893010197349675,False,False,True,False,True,False,False,False,False,True,False,False,False
0,3,1,0,0,0.01646070534336126,False,False,True,False,False,True,False,False,False,False,True,False,False
1,3,0,0,0,0.015281580671177828,False,True,False,False,False,True,False,False,False,True,False,False,False
0,3,0,0,0,0.013175122557917838,False,True,False,False,True,False,False,False,False,True,False,False,False
0,2,1,2,0,0.1434624456306609,False,False,True,False,False,True,False,False,False,False,True,False,False
0,3,1,0,0,0.015411575213749286,False,False,True,False,False,True,False,False,False,False,True,False,False
0,3,0,1,1,0.030253985132996517,False,True,False,False,False,True,False,False,False,False,False,True,False
0,2,1,0,0,0.025374310111545468,False,False,True,False,False,True,False,False,False,False,True,False,False
0,1,1,0,2,0.22109807522194713,True,False,False,False,False,False,True,False,False,False,True,False,False
1,1,1,2,0,0.2608674266467732,False,False,True,False,False,False,True,False,False,False,False,False,True
0,3,1,0,0,0.014102260811993537,True,False,False,False,False,True,False,False,False,False,True,False,False
0,1,1,0,0,0.04994347384455151,False,False,True,False,False,False,True,False,False,False,True,False,False
0,3,1,0,0,0.014630827210317117,False,False,True,False,False,True,False,False,False,False,True,False,False
1,3,1,1,0,0.015468569817999833,False,False,True,False,True,False,False,False,False,False,True,False,False
0,2,1,2,0,0.1434624456306609,False,False,True,False,False,True,False,False,False,False,True,False,False
0,2,1,0,0,0.025374310111545468,False,False,True,False,False,True,False,False,False,False,True,False,False
0,3,1,0,0,0.015175789316712771,False,False,True,False,False,True,False,False,False,False,True,False,False
0,3,1,0,0,0.015712553569072387,False,False,True,False,False,False,True,False,False,False,True,False,False
1,1,0,1,0,0.10149724044618187,False,False,True,False,False,True,False,False,False,False,False,True,False
1,2,0,1,1,0.07612293033463641,False,False,True,False,False,True,False,False,False,False,False,True,False
0,1,1,1,0,0.10149724044618187,False,False,True,False,False,True,False,False,False,False,True,False,False
0,2,1,0,0,0.020494635090094415,False,False,True,False,False,False,False,True,False,False,True,False,False
1,2,1,0,0,0.025374310111545468,False,False,True,False,False,True,False,False,False,False,True,False,False
0,2,1,0,0,0.0,False,False,True,False,False,True,False,False,False,False,True,False,False
0,3,1,0,0,0.015175789316712771,False,False,True,False,True,False,False,False,False,False,True,False,False
0,3,1,0,0,0.015712553569072387,False,False,True,False,False,True,False,False,False,False,True,False,False
1,3,0,0,0,0.019209719063445922,False,False,True,False,True,False,False,False,False,True,False,False,False
0,3,0,1,6,0.09154270340242172,False,False,True,False,False,False,True,False,False,False,False,True,False
1,1,1,0,1,1.0,True,False,False,False,False,True,False,False,False,False,True,False,False
0,3,0,0,0,0.01588334219482317,False,True,False,False,False,True,False,False,False,True,False,False,False
1,1,1,0,0,0.1497654242623688,True,False,False,False,False,True,False,False,False,False,True,False,False
0,3,1,0,0,0.01800600082915438,False,False,True,False,True,False,False,False,False,False,True,False,False
0,3,1,5,2,0.09154270340242172,False,False,True,False,True,False,False,False,False,False,True,False,False
0,2,1,1,1,0.07612293033463641,False,False,True,False,False,False,True,False,False,False,True,False,False
0,2,1,1,2,0.08115719346076702,True,False,False,False,False,True,False,False,False,False,True,False,False
0,3,1,4,1,0.07746484096553544,False,False,True,False,True,False,False,False,False,False,True,False,False
0,3,1,0,0,0.019852079483269742,False,False,True,False,True,False,False,False,False,False,True,False,False
0,3,1,0,0,0.015216388212891242,False,False,True,False,True,False,False,False,False,False,True,False,False
1,1,0,0,1,0.41250332793836464,False,False,True,False,True,False,False,False,False,True,False,False,False
1,1,1,1,0,0.11125659048908397,False,False,True,False,False,True,False,False,False,False,True,False,False
1,3,0,0,1,0.026187654344120927,True,False,False,True,False,False,False,False,False,True,False,False,False
1,3,1,0,0,0.11027245763075773,False,False,True,False,False,True,False,False,False,False,True,False,False
0,3,1,0,0,0.014102260811993537,True,False,False,False,False,True,False,False,False,False,True,False,False
0,1,1,0,0,0.051822148727810165,False,False,True,False,False,False,True,False,False,False,False,False,True
0,2,1,0,0,0.026350245115835676,False,False,True,False,False,False,True,False,False,False,True,False,False
0,3,1,0,0,0.015712553569072387,False,False,True,False,False,False,True,False,False,False,True,False,False
1,3,0,0,0,0.015094396337354966,False,True,False,False,False,True,False,False,False,True,False,False,False
0,1,1,1,1,0.21642978772242535,True,False,False,False,False,False,True,False,False,False,True,False,False
0,3,1,0,0,0.014931805565640218,False,False,True,False,False,False,True,False,False,False,True,False,False
1,1,0,1,0,0.4440992237022602,True,False,False,False,True,False,False,False,False,False,False,True,False
1,1,1,0,0,0.05130978285055781,False,False,True,False,False,True,False,False,False,False,True,False,False
0,3,0,0,1,0.028212719478023115,True,False,False,False,True,False,False,False,False,True,False,False,False
0,3,1,0,0,0.015110792045427042,False,True,False,False,False,True,False,False,False,False,True,False,False
0,3,1,1,0,0.015330377421392339,False,False,True,False,False,True,False,False,False,False,True,False,False
0,2,1,0,0,0.050748620223090936,False,False,True,False,False,True,False,False,False,False,True,False,False
1,2,0,0,0,0.026350245115835676,False,False,True,False,False,False,True,False,False,False,False,True,False
1,1,1,0,0,0.05130978285055781,False,False,True,False,False,False,True,False,False,False,True,False,False
1,1,0,0,0,0.29580589980036276,False,False,True,False,False,True,False,False,False,True,False,False,False
1,3,1,1,1,0.029757819776815374,True,False,False,False,False,True,False,False,True,False,False,False,False
1,1,0,0,0,0.09662576327876685,True,False,False,False,False,True,False,False,False,True,False,False,False
0,1,1,0,0,0.051822148727810165,False,False,True,False,False,True,False,False,False,False,True,False,False
1,1,1,1,0,0.10149724044618187,False,False,True,False,False,False,True,False,False,False,True,False,False
0,3,1,0,0,0.018510168852370702,False,False,True,False,False,True,False,False,False,False,True,False,False
0,2,1,0,0,0.025374310111545468,False,False,True,False,False,False,True,False,False,False,True,False,False
0,3,1,0,0,0.014931805565640218,False,False,True,False,True,False,False,False,False,False,True,False,False
1,1,0,0,0,0.4440992237022602,True,False,False,False,False,True,False,False,False,True,False,False,False
1,2,0,0,0,0.020494635090094415,False,False,True,False,False,True,False,False,False,True,False,False,False
0,3,1,0,0,0.030253985132996517,False,True,False,False,False,True,False,False,False,False,True,False,False
0,3,1,0,0,0.015175789316712771,False,False,True,False,False,True,False,False,False,False,True,False,False
1,2,0,0,1,0.06441171028315387,False,False,True,True,False,False,False,False,False,True,False,False,False
0,3,1,1,0,0.013768881414528002,False,False,True,False,True,False,False,False,False,False,True,False,False
0,2,1,0,0,0.025374310111545468,False,False,True,False,False,True,False,False,False,False,True,False,False
0,2,1,0,0,0.025374310111545468,False,False,True,False,False,False,True,False,False,False,True,False,False
1,1,1,1,0,0.10364429745562033,False,False,True,False,False,True,False,False,False,False,True,False,False
0,3,1,0,0,0.016908073949327893,False,False,True,False,True,False,False,False,False,False,True,False,False
1,2,0,3,0,0.04098927018018883,False,False,True,False,False,True,False,False,False,False,False,True,False
1,3,0,0,0,0.015102594191391004,False,True,False,False,False,True,False,False,False,True,False,False,False
0,2,1,1,0,0.050748620223090936,False,False,True,False,False,True,False,False,False,False,True,False,False
0,3,0,1,0,0.015468569817999833,False,False,True,False,False,True,False,False,False,True,False,False,False
1,1,0,0,0,0.41250332793836464,False,False,True,False,False,True,False,False,False,True,False,False,False
0,3,1,0,0,0.036670757786204655,True,False,False,True,False,False,False,False,False,False,True,False,False
0,2,1,0,0,0.0,False,False,True,False,False,True,False,False,False,False,True,False,False
0,2,1,0,0,0.025374310111545468,False,False,True,False,False,True,False,False,False,False,True,False,False
0,2,1,0,0,0.025374310111545468,False,False,True,False,False,True,False,False,False,False,True,False,False
0,3,1,0,0,0.031425107138144774,False,False,True,False,False,True,False,False,False,False,True,False,False
0,3,0,1,3,0.06709553154495196,False,False,True,False,False,False,True,False,False,False,False,True,False
1,1,1,0,0,1.0,True,False,False,False,False,True,False,False,False,False,True,False,False
0,3,1,0,0,0.015411575213749286,False,False,True,False,False,True,False,False,False,False,True,False,False
0,3,1,0,0,0.015411575213749286,False,False,True,False,False,True,False,False,False,False,True,False,False
1,1,1,0,0,0.05855610025741262,False,False,True,False,False,True,False,False,False,False,True,False,False
0,1,1,1,0,0.15390495017656614,False,False,True,False,False,True,False,False,False,False,True,False,False
1,1,0,2,2,0.5121218935012878,True,False,False,False,False,True,False,False,False,True,False,False,False
0,3,1,1,0,0.031425107138144774,False,False,True,False,False,True,False,False,False,False,True,False,False
1,3,1,0,0,0.015468569817999833,False,False,True,False,False,True,False,False,False,False,True,False,False
0,1,1,1,1,0.13858277060920987,False,False,True,False,False,False,False,True,False,False,False,False,True
0,3,1,1,1,0.03952536767375352,False,False,True,False,True,False,False,False,False,False,True,False,False
1,2,0,0,0,0.025374310111545468,False,False,True,False,False,True,False,False,False,True,False,False,False
0,1,1,1,0,0.10364429745562033,False,False,True,False,True,False,False,False,False,False,True,False,False
0,3,1,0,0,0.015126992566498259,False,True,False,False,False,True,False,False,False,False,True,False,False
1,2,0,1,1,0.044893010197349675,False,False,True,True,False,False,False,False,False,True,False,False,False
1,3,1,0,1,0.024349578357040744,False,False,True,True,False,False,False,False,True,False,False,False,False
0,3,1,0,0,0.018542765081513996,False,False,True,False,False,True,False,False,False,False,True,False,False
0,3,1,0,0,0.015411575213749286,False,False,True,False,False,True,False,False,False,False,True,False,False
1,2,0,1,2,0.12687155055772734,False,False,True,False,False,False,True,False,False,False,False,True,False
1,2,1,1,1,0.028302115124416098,False,False,True,True,False,False,False,False,True,False,False,False,False
0,3,1,0,0,0.015216388212891242,False,False,True,False,False,True,False,False,False,False,True,False,False
0,2,1,0,0,0.022446505098674838,False,False,True,False,True,False,False,False,False,False,True,False,False
0,3,1,0,0,0.015712553569072387,False,False,True,False,False,True,False,False,False,False,True,False,False
1,1,0,0,0,0.16883675574220638,False,False,True,False,False,True,False,False,False,False,False,False,True
0,3,1,0,0,0.028302115124416098,False,False,True,False,False,True,False,False,False,False,True,False,False
0,3,1,0,0,0.013907073811135496,False,False,True,False,False,False,True,False,False,False,True,False,False
1,3,1,0,0,0.014110458666029575,True,False,False,False,True,False,False,False,False,False,True,False,False
1,1,0,1,2,0.23422440102965048,False,False,True,False,False,True,False,False,False,False,False,True,False
0,3,1,0,0,0.015175789316712771,False,False,True,False,True,False,False,False,False,False,True,False,False
1,1,0,1,0,0.15216446768991498,False,False,True,False,False,False,True,False,False,False,False,True,False
0,1,1,0,0,0.07729405233978466,True,False,False,False,False,True,False,False,False,False,False,False,True
0,3,0,0,0,0.015126992566498259,False,True,False,False,False,True,False,False,False,True,False,False,False
0,3,1,1,0,0.04713766070721715,False,True,False,False,False,True,False,False,False,False,True,False,False
0,3,1,0,0,0.016322512946753766,False,False,True,False,False,True,False,False,False,False,True,False,False
0,3,1,0,0,0.018542765081513996,False,False,True,False,False,True,False,False,False,False,True,False,False
0,3,1,0,0,0.015330377421392339,False,False,True,False,False,False,True,False,False,False,True,False,False
0,2,0,0,0,0.020494635090094415,False,False,True,False,False,False,True,False,False,False,False,True,False
0,3,1,0,0,0.014102260811993537,True,False,False,False,False,True,False,False,False,False,True,False,False
1,2,0,1,3,0.044893010197349675,False,False,True,False,False,False,True,False,False,False,False,True,False
0,3,1,0,0,0.015126992566498259,False,False,True,False,True,False,False,False,False,False,True,False,False
0,3,1,0,0,0.015126992566498259,False,True,False,False,False,True,False,False,False,False,True,False,False
1,3,0,0,0,0.024349578357040744,False,False,True,True,False,False,False,False,False,True,False,False,False
0,3,1,0,0,0.015102594191391004,False,True,False,False,False,True,False,False,False,False,True,False,False
1,1,0,0,1,0.41250332793836464,False,False,True,False,False,False,True,False,False,False,False,True,False
1,3,0,0,0,0.014110458666029575,True,False,False,False,True,False,False,False,False,True,False,False,False
1,1,0,1,0,0.11125659048908397,False,False,True,False,True,False,False,False,False,False,False,True,False
0,1,1,0,0,0.05855610025741262,False,False,True,False,False,True,False,False,False,False,True,False,False
0,3,1,1,2,0.04577135170121086,False,False,True,False,False,True,False,False,False,False,True,False,False
0,3,1,0,0,0.013760683560491965,False,False,True,False,False,True,False,False,False,False,True,False,False
0,3,1,0,0,0.014151057562208049,False,False,True,False,False,True,False,False,False,False,True,False,False
1,3,0,0,0,0.014630827210317117,False,False,True,False,True,False,False,False,False,True,False,False,False
0,3,1,4,1,0.05684821399990475,False,True,False,True,False,False,False,False,True,False,False,False,False
1,3,1,1,2,0.04015972542654215,False,False,True,True,False,False,False,False,True,False,False,False,False
0,1,1,0,0,0.15458810467956932,True,False,False,False,False,False,True,False,False,False,True,False,False
0,3,1,0,0,0.015126992566498259,False,True,False,False,False,True,False,False,False,False,True,False,False
0,2,1,0,0,0.050748620223090936,False,False,True,False,True,False,False,False,False,False,True,False,False
0,3,0,8,2,0.13575255909676825,False,False,True,False,False,True,False,False,False,True,False,False,False
0,1,1,0,0,0.05991421140938287,True,False,False,False,False,True,False,False,False,False,True,False,False
0,3,1,0,0,0.015411575213749286,False,False,True,False,False,True,False,False,False,False,True,False,False
0,2,1,0,0,0.025374310111545468,False,False,True,False,False,True,False,False,False,False,True,False,False
1,1,0,0,0,0.050610427826483444,False,False,True,False,False,False,True,False,False,False,False,False,True
1,3,0,0,0,0.016948672845506364,False,False,True,False,False,True,False,False,False,False,False,True,False
0,3,1,0,0,0.014110458666029575,True,False,False,False,False,True,False,False,False,False,True,False,False
0,3,0,1,1,0.04713766070721715,False,False,True,False,False,True,False,False,False,False,False,True,False
0,2,1,0,0,0.025374310111545468,False,False,True,False,False,True,False,False,False,False,True,False,False
1,2,0,1,1,0.05123658772523604,False,False,True,False,False,True,False,False,False,False,False,True,False
1,1,1,1,2,0.23422440102965048,False,False,True,True,False,False,False,False,True,False,False,False,False
1,3,1,0,1,0.016623491302076868,True,False,False,True,False,False,False,False,True,False,False,False,False
1,3,1,0,0,0.013614293309848433,False,False,True,False,False,True,False,False,False,False,True,False,False
0,3,1,0,0,0.015175789316712771,False,False,True,False,False,True,False,False,False,False,True,False,False
0,1,1,0,0,0.0,False,False,True,False,False,True,False,False,False,False,True,False,False
0,3,0,0,0,0.015175789316712771,False,False,True,False,True,False,False,False,False,True,False,False,False
0,2,1,0,0,0.025374310111545468,False,False,True,False,False,True,False,False,False,False,True,False,False
1,1,0,1,0,0.10364429745562033,False,False,True,False,False,True,False,False,False,False,False,True,False
0,3,1,0,0,0.015395374692678068,False,False,True,False,False,True,False,False,False,False,True,False,False
0,3,1,0,0,0.04713766070721715,False,False,True,False,False,True,False,False,False,False,True,False,False
0,2,1,0,0,0.020494635090094415,False,False,True,False,False,True,False,False,False,False,True,False,False
0,3,0,4,2,0.06104473451835265,False,False,True,True,False,False,False,False,False,True,False,False,False
0,3,1,0,0,0.015712553569072387,False,False,True,False,False,True,False,False,False,False,True,False,False
0,1,1,0,0,0.0,False,False,True,False,False,True,False,False,False,False,True,False,False
0,3,0,0,0,0.015468569817999833,False,False,True,False,False,True,False,False,False,True,False,False,False
0,2,1,1,1,0.07222738817151159,True,False,False,False,False,True,False,False,False,False,True,False,False
0,3,1,0,0,0.012589561555343713,False,False,True,False,False,False,True,False,False,False,True,False,False
0,3,1,3,2,0.05445717323939373,False,False,True,True,False,False,False,False,True,False,False,False,False
1,1,0,1,1,0.18249984580226933,False,False,True,False,False,False,True,False,False,False,False,True,False
1,3,1,0,0,0.016908073949327893,False,False,True,False,False,True,False,False,False,False,True,False,False
0,1,1,0,0,0.0,False,False,True,False,False,True,False,False,False,False,False,False,True
1,3,0,0,1,0.024349578357040744,False,False,True,False,False,True,False,False,False,False,False,True,False
0,3,1,4,1,0.07746484096553544,False,False,True,True,False,False,False,False,True,False,False,False,False
0,3,1,0,0,0.013565496559633922,False,True,False,False,False,True,False,False,False,False,True,False,False
0,3,1,0,0,0.11027245763075773,False,False,True,False,False,True,False,False,False,False,True,False,False
1,2,1,0,2,0.07222738817151159,True,False,False,True,False,False,False,False,True,False,False,False,False
1,3,1,0,0,0.015126992566498259,False,True,False,False,False,True,False,False,False,False,True,False,False
1,1,0,0,0,0.15614960068643363,False,False,True,False,False,False,False,True,False,False,False,True,False
1,3,0,1,0,0.028212719478023115,True,False,False,False,True,False,False,False,False,False,False,True,False
1,2,1,1,1,0.03659756266088288,False,False,True,True,False,False,False,False,True,False,False,False,False
0,3,1,0,0,0.014110458666029575,True,False,False,False,False,True,False,False,False,False,True,False,False
0,3,1,0,0,0.015330377421392339,False,False,True,False,False,True,False,False,False,False,True,False,False
0,3,1,0,0,0.016200521071217493,False,False,True,False,True,False,False,False,False,False,True,False,False
1,1,0,1,1,0.16231419173453318,True,False,False,False,False,True,False,False,False,True,False,False,False
0,3,1,0,0,0.016908073949327893,False,False,True,False,False,True,False,False,False,False,True,False,False
0,3,1,0,0,0.015712553569072387,False,False,True,False,False,True,False,False,False,False,True,False,False
1,3,1,0,0,0.11027245763075773,False,False,True,False,False,True,False,False,False,False,True,False,False
1,1,1,0,0,0.057970539254838485,True,False,False,False,False,True,False,False,False,False,True,False,False
0,3,1,0,0,0.015468569817999833,False,False,True,False,True,False,False,False,False,False,True,False,False
0,2,1,0,0,0.020494635090094415,False,False,True,False,True,False,False,False,False,False,True,False,False
1,1,0,0,0,0.060507970265993034,True,False,False,False,False,True,False,False,False,True,False,False,False
0,3,1,0,0,0.012565163180236457,True,False,False,False,False,True,False,False,False,False,True,False,False
0,3,1,0,0,0.016908073949327893,False,False,True,False,True,False,False,False,False,False,True,False,False
0,3,1,0,0,0.014736618564782174,False,False,True,False,False,False,True,False,False,False,True,False,False
0,3,1,8,2,0.13575255909676825,False,False,True,False,False,True,False,False,False,False,True,False,False
0,3,1,0,0,0.015411575213749286,True,False,False,False,False,True,False,False,False,False,True,False,False
0,2,1,0,1,0.06441171028315387,False,False,True,False,False,True,False,False,False,False,False,False,True
1,1,0,1,0,0.17391981561855152,True,False,False,False,False,True,False,False,False,False,False,True,False
0,3,1,4,2,0.06104473451835265,False,False,True,True,False,False,False,False,True,False,False,False,False
0,3,1,0,0,0.015175789316712771,False,False,True,False,False,False,False,True,False,False,True,False,False
0,3,0,1,1,0.029757819776815374,True,False,False,True,False,False,False,False,False,True,False,False,False
1,1,0,0,1,0.07690367833806856,False,False,True,False,True,False,False,False,False,True,False,False,False
0,2,0,1,0,0.050748620223090936,False,False,True,False,False,False,True,False,False,False,False,True,False
1,3,0,0,1,0.018249984580226933,False,False,True,False,True,False,False,False,False,False,False,True,False
1,1,0,1,1,0.32179836714362564,False,False,True,False,False,False,True,False,False,False,False,True,False
1,1,1,0,0,0.051822148727810165,False,False,True,False,False,False,True,False,False,False,True,False,False
1,3,0,0,3,0.03758969818624431,True,False,False,False,False,True,False,False,False,False,False,True,False
0,3,1,0,0,0.014110458666029575,True,False,False,False,False,True,False,False,False,False,True,False,False
0,3,1,2,0,0.027537567642055148,False,False,True,False,False,False,True,False,False,False,True,False,False
0,2,1,1,0,0.022446505098674838,False,False,True,False,False,True,False,False,False,False,True,False,False
1,1,0,0,0,0.050610427826483444,False,False,True,False,False,False,True,False,False,False,False,True,False
0,3,0,8,2,0.13575255909676825,False,False,True,False,False,True,False,False,False,True,False,False,False
0,2,1,0,0,0.025374310111545468,False,False,True,False,False,True,False,False,False,False,True,False,False
1,2,0,0,0,0.025374310111545468,False,False,True,False,False,False,True,False,False,False,False,True,False
1,2,0,1,0,0.027049600139910042,True,False,False,False,False,True,False,False,False,True,False,False,False
0,1,1,0,0,0.09856123757927521,False,False,True,False,False,True,False,False,False,False,True,False,False
0,3,1,0,0,0.018542765081513996,False,False,True,False,False,True,False,False,False,False,True,False,False
1,3,1,1,1,0.021730754366528396,False,False,True,True,False,False,False,False,True,False,False,False,False
0,3,1,0,0,0.015411575213749286,False,False,True,False,False,True,False,False,False,False,True,False,False
1,1,0,1,1,0.10257896680493714,False,False,True,False,False,False,True,False,False,False,False,True,False
0,1,1,0,0,0.009759350042902102,False,False,True,False,False,True,False,False,False,False,True,False,False
0,3,1,0,0,0.017566830077223785,False,False,True,False,False,False,True,False,False,False,True,False,False
1,2,0,1,0,0.04684488020593009,True,False,False,False,False,True,False,False,False,False,False,True,False
1,3,0,0,0,0.014102260811993537,True,False,False,False,True,False,False,False,False,True,False,False,False
0,3,1,0,0,0.019217721730481106,False,False,True,False,True,False,False,False,False,False,True,False,False
0,3,1,0,0,0.015411575213749286,False,False,True,False,True,False,False,False,False,False,True,False,False
0,3,1,0,0,0.015411575213749286,False,False,True,False,False,True,False,False,False,False,True,False,False
1,1,0,0,1,0.16231419173453318,True,False,False,False,False,False,True,False,False,False,False,True,False
1,2,0,0,1,0.050748620223090936,False,False,True,False,False,True,False,False,False,False,False,True,False
0,3,1,0,0,0.015411575213749286,False,False,True,False,False,True,False,False,False,False,True,False,False
0,3,0,0,0,0.02052723131923771,False,False,True,False,False,True,False,False,False,True,False,False,False
0,2,1,0,0,0.020494635090094415,False,False,True,False,False,True,False,False,False,False,True,False,False
0,3,1,0,0,0.013760683560491965,False,False,True,False,False,True,False,False,False,False,True,False,False
0,3,0,0,5,0.05684821399990475,False,True,False,False,False,True,False,False,False,False,False,True,False
0,2,1,0,0,0.025374310111545468,False,False,True,False,False,True,False,False,False,False,False,False,True
1,1,0,0,0,0.05855610025741262,False,False,True,False,True,False,False,False,False,True,False,False,False
0,3,0,1,2,0.04577135170121086,False,False,True,False,False,True,False,False,False,True,False,False,False
1,1,1,0,0,0.05855610025741262,True,False,False,False,False,True,False,False,False,False,True,False,False
0,3,1,0,0,0.015126992566498259,False,True,False,False,False,True,False,False,False,False,True,False,False
